paper,metric,scale_type,scale_value,run,ms,status,message,model_type,candidate_count,exact_match_count
b20,search,keyword_pool_size,10,1,0.210,ok,reference_model: BGN/CKKS-style batched HE surrogate; not a full b20 implementation,reference_model,1000,1000
b20,search,keyword_pool_size,10,2,0.099,ok,reference_model: BGN/CKKS-style batched HE surrogate; not a full b20 implementation,reference_model,1000,1000
b20,search,keyword_pool_size,10,3,0.101,ok,reference_model: BGN/CKKS-style batched HE surrogate; not a full b20 implementation,reference_model,1000,1000
b20,search,keyword_pool_size,10,4,0.127,ok,reference_model: BGN/CKKS-style batched HE surrogate; not a full b20 implementation,reference_model,1000,1000
b20,search,keyword_pool_size,10,5,0.113,ok,reference_model: BGN/CKKS-style batched HE surrogate; not a full b20 implementation,reference_model,1000,1000
b20,search,keyword_pool_size,300,1,0.127,ok,reference_model: BGN/CKKS-style batched HE surrogate; not a full b20 implementation,reference_model,363,363
b20,search,keyword_pool_size,300,2,0.139,ok,reference_model: BGN/CKKS-style batched HE surrogate; not a full b20 implementation,reference_model,521,521
b20,search,keyword_pool_size,300,3,0.107,ok,reference_model: BGN/CKKS-style batched HE surrogate; not a full b20 implementation,reference_model,533,533
b20,search,keyword_pool_size,300,4,0.118,ok,reference_model: BGN/CKKS-style batched HE surrogate; not a full b20 implementation,reference_model,415,415
b20,search,keyword_pool_size,300,5,0.094,ok,reference_model: BGN/CKKS-style batched HE surrogate; not a full b20 implementation,reference_model,372,372
b20,search,keyword_pool_size,500,1,0.095,ok,reference_model: BGN/CKKS-style batched HE surrogate; not a full b20 implementation,reference_model,272,272
b20,search,keyword_pool_size,500,2,0.075,ok,reference_model: BGN/CKKS-style batched HE surrogate; not a full b20 implementation,reference_model,228,228
b20,search,keyword_pool_size,500,3,0.084,ok,reference_model: BGN/CKKS-style batched HE surrogate; not a full b20 implementation,reference_model,506,506
b20,search,keyword_pool_size,500,4,0.201,ok,reference_model: BGN/CKKS-style batched HE surrogate; not a full b20 implementation,reference_model,328,328
b20,search,keyword_pool_size,500,5,0.083,ok,reference_model: BGN/CKKS-style batched HE surrogate; not a full b20 implementation,reference_model,434,434
b20,search,keyword_pool_size,1000,1,0.089,ok,reference_model: BGN/CKKS-style batched HE surrogate; not a full b20 implementation,reference_model,222,222
b20,search,keyword_pool_size,1000,2,0.077,ok,reference_model: BGN/CKKS-style batched HE surrogate; not a full b20 implementation,reference_model,146,146
b20,search,keyword_pool_size,1000,3,0.262,ok,reference_model: BGN/CKKS-style batched HE surrogate; not a full b20 implementation,reference_model,162,162
b20,search,keyword_pool_size,1000,4,0.071,ok,reference_model: BGN/CKKS-style batched HE surrogate; not a full b20 implementation,reference_model,140,140
b20,search,keyword_pool_size,1000,5,0.077,ok,reference_model: BGN/CKKS-style batched HE surrogate; not a full b20 implementation,reference_model,131,131
b20,search,file_count,10,1,0.021,ok,reference_model: BGN/CKKS-style batched HE surrogate; not a full b20 implementation,reference_model,2,2
b20,search,file_count,10,2,0.022,ok,reference_model: BGN/CKKS-style batched HE surrogate; not a full b20 implementation,reference_model,3,3
b20,search,file_count,10,3,0.021,ok,reference_model: BGN/CKKS-style batched HE surrogate; not a full b20 implementation,reference_model,3,3
b20,search,file_count,10,4,0.018,ok,reference_model: BGN/CKKS-style batched HE surrogate; not a full b20 implementation,reference_model,1,1
b20,search,file_count,10,5,0.021,ok,reference_model: BGN/CKKS-style batched HE surrogate; not a full b20 implementation,reference_model,2,2
b20,search,file_count,100,1,0.042,ok,reference_model: BGN/CKKS-style batched HE surrogate; not a full b20 implementation,reference_model,27,27
b20,search,file_count,100,2,0.025,ok,reference_model: BGN/CKKS-style batched HE surrogate; not a full b20 implementation,reference_model,22,22
b20,search,file_count,100,3,0.025,ok,reference_model: BGN/CKKS-style batched HE surrogate; not a full b20 implementation,reference_model,9,9
b20,search,file_count,100,4,0.028,ok,reference_model: BGN/CKKS-style batched HE surrogate; not a full b20 implementation,reference_model,31,31
b20,search,file_count,100,5,0.025,ok,reference_model: BGN/CKKS-style batched HE surrogate; not a full b20 implementation,reference_model,15,15
b20,search,file_count,300,1,0.066,ok,reference_model: BGN/CKKS-style batched HE surrogate; not a full b20 implementation,reference_model,34,34
b20,search,file_count,300,2,0.052,ok,reference_model: BGN/CKKS-style batched HE surrogate; not a full b20 implementation,reference_model,33,33
b20,search,file_count,300,3,0.053,ok,reference_model: BGN/CKKS-style batched HE surrogate; not a full b20 implementation,reference_model,78,78
b20,search,file_count,300,4,0.052,ok,reference_model: BGN/CKKS-style batched HE surrogate; not a full b20 implementation,reference_model,63,63
b20,search,file_count,300,5,0.143,ok,reference_model: BGN/CKKS-style batched HE surrogate; not a full b20 implementation,reference_model,42,42
b20,search,file_count,500,1,0.097,ok,reference_model: BGN/CKKS-style batched HE surrogate; not a full b20 implementation,reference_model,90,90
b20,search,file_count,500,2,0.079,ok,reference_model: BGN/CKKS-style batched HE surrogate; not a full b20 implementation,reference_model,75,75
b20,search,file_count,500,3,0.092,ok,reference_model: BGN/CKKS-style batched HE surrogate; not a full b20 implementation,reference_model,81,81
b20,search,file_count,500,4,0.078,ok,reference_model: BGN/CKKS-style batched HE surrogate; not a full b20 implementation,reference_model,63,63
b20,search,file_count,500,5,0.080,ok,reference_model: BGN/CKKS-style batched HE surrogate; not a full b20 implementation,reference_model,78,78
b20,search,file_count,1000,1,0.176,ok,reference_model: BGN/CKKS-style batched HE surrogate; not a full b20 implementation,reference_model,222,222
b20,search,file_count,1000,2,0.153,ok,reference_model: BGN/CKKS-style batched HE surrogate; not a full b20 implementation,reference_model,146,146
b20,search,file_count,1000,3,0.184,ok,reference_model: BGN/CKKS-style batched HE surrogate; not a full b20 implementation,reference_model,162,162
b20,search,file_count,1000,4,0.156,ok,reference_model: BGN/CKKS-style batched HE surrogate; not a full b20 implementation,reference_model,140,140
b20,search,file_count,1000,5,0.150,ok,reference_model: BGN/CKKS-style batched HE surrogate; not a full b20 implementation,reference_model,131,131
b20,encryption,keyword_count,10,1,0.076,ok,reference_model: BGN/CKKS-style batched HE surrogate; not a full b20 implementation,reference_model,,
b20,encryption,keyword_count,10,2,0.075,ok,reference_model: BGN/CKKS-style batched HE surrogate; not a full b20 implementation,reference_model,,
b20,encryption,keyword_count,10,3,0.076,ok,reference_model: BGN/CKKS-style batched HE surrogate; not a full b20 implementation,reference_model,,
b20,encryption,keyword_count,10,4,0.074,ok,reference_model: BGN/CKKS-style batched HE surrogate; not a full b20 implementation,reference_model,,
b20,encryption,keyword_count,10,5,0.096,ok,reference_model: BGN/CKKS-style batched HE surrogate; not a full b20 implementation,reference_model,,
b20,encryption,keyword_count,50,1,0.075,ok,reference_model: BGN/CKKS-style batched HE surrogate; not a full b20 implementation,reference_model,,
b20,encryption,keyword_count,50,2,0.097,ok,reference_model: BGN/CKKS-style batched HE surrogate; not a full b20 implementation,reference_model,,
b20,encryption,keyword_count,50,3,0.089,ok,reference_model: BGN/CKKS-style batched HE surrogate; not a full b20 implementation,reference_model,,
b20,encryption,keyword_count,50,4,0.086,ok,reference_model: BGN/CKKS-style batched HE surrogate; not a full b20 implementation,reference_model,,
b20,encryption,keyword_count,50,5,0.075,ok,reference_model: BGN/CKKS-style batched HE surrogate; not a full b20 implementation,reference_model,,
b20,encryption,keyword_count,300,1,0.075,ok,reference_model: BGN/CKKS-style batched HE surrogate; not a full b20 implementation,reference_model,,
b20,encryption,keyword_count,300,2,0.075,ok,reference_model: BGN/CKKS-style batched HE surrogate; not a full b20 implementation,reference_model,,
b20,encryption,keyword_count,300,3,0.097,ok,reference_model: BGN/CKKS-style batched HE surrogate; not a full b20 implementation,reference_model,,
b20,encryption,keyword_count,300,4,0.074,ok,reference_model: BGN/CKKS-style batched HE surrogate; not a full b20 implementation,reference_model,,
b20,encryption,keyword_count,300,5,0.087,ok,reference_model: BGN/CKKS-style batched HE surrogate; not a full b20 implementation,reference_model,,
b20,encryption,keyword_count,500,1,0.086,ok,reference_model: BGN/CKKS-style batched HE surrogate; not a full b20 implementation,reference_model,,
b20,encryption,keyword_count,500,2,0.075,ok,reference_model: BGN/CKKS-style batched HE surrogate; not a full b20 implementation,reference_model,,
b20,encryption,keyword_count,500,3,0.081,ok,reference_model: BGN/CKKS-style batched HE surrogate; not a full b20 implementation,reference_model,,
b20,encryption,keyword_count,500,4,0.075,ok,reference_model: BGN/CKKS-style batched HE surrogate; not a full b20 implementation,reference_model,,
b20,encryption,keyword_count,500,5,0.086,ok,reference_model: BGN/CKKS-style batched HE surrogate; not a full b20 implementation,reference_model,,
b20,decryption,keyword_count,10,1,0.113,ok,reference_model: BGN/CKKS-style batched HE surrogate; not a full b20 implementation,reference_model,,
b20,decryption,keyword_count,10,2,0.088,ok,reference_model: BGN/CKKS-style batched HE surrogate; not a full b20 implementation,reference_model,,
b20,decryption,keyword_count,10,3,0.083,ok,reference_model: BGN/CKKS-style batched HE surrogate; not a full b20 implementation,reference_model,,
b20,decryption,keyword_count,10,4,0.099,ok,reference_model: BGN/CKKS-style batched HE surrogate; not a full b20 implementation,reference_model,,
b20,decryption,keyword_count,10,5,0.122,ok,reference_model: BGN/CKKS-style batched HE surrogate; not a full b20 implementation,reference_model,,
b20,decryption,keyword_count,50,1,0.085,ok,reference_model: BGN/CKKS-style batched HE surrogate; not a full b20 implementation,reference_model,,
b20,decryption,keyword_count,50,2,0.101,ok,reference_model: BGN/CKKS-style batched HE surrogate; not a full b20 implementation,reference_model,,
b20,decryption,keyword_count,50,3,0.106,ok,reference_model: BGN/CKKS-style batched HE surrogate; not a full b20 implementation,reference_model,,
b20,decryption,keyword_count,50,4,0.111,ok,reference_model: BGN/CKKS-style batched HE surrogate; not a full b20 implementation,reference_model,,
b20,decryption,keyword_count,50,5,0.078,ok,reference_model: BGN/CKKS-style batched HE surrogate; not a full b20 implementation,reference_model,,
b20,decryption,keyword_count,300,1,0.097,ok,reference_model: BGN/CKKS-style batched HE surrogate; not a full b20 implementation,reference_model,,
b20,decryption,keyword_count,300,2,0.090,ok,reference_model: BGN/CKKS-style batched HE surrogate; not a full b20 implementation,reference_model,,
b20,decryption,keyword_count,300,3,0.085,ok,reference_model: BGN/CKKS-style batched HE surrogate; not a full b20 implementation,reference_model,,
b20,decryption,keyword_count,300,4,0.091,ok,reference_model: BGN/CKKS-style batched HE surrogate; not a full b20 implementation,reference_model,,
b20,decryption,keyword_count,300,5,0.087,ok,reference_model: BGN/CKKS-style batched HE surrogate; not a full b20 implementation,reference_model,,
b20,decryption,keyword_count,500,1,0.084,ok,reference_model: BGN/CKKS-style batched HE surrogate; not a full b20 implementation,reference_model,,
b20,decryption,keyword_count,500,2,0.099,ok,reference_model: BGN/CKKS-style batched HE surrogate; not a full b20 implementation,reference_model,,
b20,decryption,keyword_count,500,3,0.110,ok,reference_model: BGN/CKKS-style batched HE surrogate; not a full b20 implementation,reference_model,,
b20,decryption,keyword_count,500,4,0.101,ok,reference_model: BGN/CKKS-style batched HE surrogate; not a full b20 implementation,reference_model,,
b20,decryption,keyword_count,500,5,0.092,ok,reference_model: BGN/CKKS-style batched HE surrogate; not a full b20 implementation,reference_model,,
b20,trapdoor,keyword_count,10,1,0.098,ok,reference_model: BGN/CKKS-style batched HE surrogate; not a full b20 implementation,reference_model,,
b20,trapdoor,keyword_count,10,2,0.087,ok,reference_model: BGN/CKKS-style batched HE surrogate; not a full b20 implementation,reference_model,,
b20,trapdoor,keyword_count,10,3,0.082,ok,reference_model: BGN/CKKS-style batched HE surrogate; not a full b20 implementation,reference_model,,
b20,trapdoor,keyword_count,10,4,0.101,ok,reference_model: BGN/CKKS-style batched HE surrogate; not a full b20 implementation,reference_model,,
b20,trapdoor,keyword_count,10,5,0.107,ok,reference_model: BGN/CKKS-style batched HE surrogate; not a full b20 implementation,reference_model,,
b20,trapdoor,keyword_count,50,1,0.093,ok,reference_model: BGN/CKKS-style batched HE surrogate; not a full b20 implementation,reference_model,,
b20,trapdoor,keyword_count,50,2,0.084,ok,reference_model: BGN/CKKS-style batched HE surrogate; not a full b20 implementation,reference_model,,
b20,trapdoor,keyword_count,50,3,0.076,ok,reference_model: BGN/CKKS-style batched HE surrogate; not a full b20 implementation,reference_model,,
b20,trapdoor,keyword_count,50,4,0.086,ok,reference_model: BGN/CKKS-style batched HE surrogate; not a full b20 implementation,reference_model,,
b20,trapdoor,keyword_count,50,5,0.076,ok,reference_model: BGN/CKKS-style batched HE surrogate; not a full b20 implementation,reference_model,,
b20,trapdoor,keyword_count,300,1,0.075,ok,reference_model: BGN/CKKS-style batched HE surrogate; not a full b20 implementation,reference_model,,
b20,trapdoor,keyword_count,300,2,0.075,ok,reference_model: BGN/CKKS-style batched HE surrogate; not a full b20 implementation,reference_model,,
b20,trapdoor,keyword_count,300,3,0.086,ok,reference_model: BGN/CKKS-style batched HE surrogate; not a full b20 implementation,reference_model,,
b20,trapdoor,keyword_count,300,4,0.075,ok,reference_model: BGN/CKKS-style batched HE surrogate; not a full b20 implementation,reference_model,,
b20,trapdoor,keyword_count,300,5,0.076,ok,reference_model: BGN/CKKS-style batched HE surrogate; not a full b20 implementation,reference_model,,
b20,trapdoor,keyword_count,500,1,0.101,ok,reference_model: BGN/CKKS-style batched HE surrogate; not a full b20 implementation,reference_model,,
b20,trapdoor,keyword_count,500,2,0.076,ok,reference_model: BGN/CKKS-style batched HE surrogate; not a full b20 implementation,reference_model,,
b20,trapdoor,keyword_count,500,3,0.075,ok,reference_model: BGN/CKKS-style batched HE surrogate; not a full b20 implementation,reference_model,,
b20,trapdoor,keyword_count,500,4,0.075,ok,reference_model: BGN/CKKS-style batched HE surrogate; not a full b20 implementation,reference_model,,
b20,trapdoor,keyword_count,500,5,0.088,ok,reference_model: BGN/CKKS-style batched HE surrogate; not a full b20 implementation,reference_model,,
b30,keygen,attribute_count,10,1,0.520,ok,primitive_surrogate: lattice keygen comparison using deterministic module-vector arithmetic,primitive_surrogate,,
b30,keygen,attribute_count,10,2,0.492,ok,primitive_surrogate: lattice keygen comparison using deterministic module-vector arithmetic,primitive_surrogate,,
b30,keygen,attribute_count,10,3,0.611,ok,primitive_surrogate: lattice keygen comparison using deterministic module-vector arithmetic,primitive_surrogate,,
b30,keygen,attribute_count,10,4,0.616,ok,primitive_surrogate: lattice keygen comparison using deterministic module-vector arithmetic,primitive_surrogate,,
b30,keygen,attribute_count,10,5,0.632,ok,primitive_surrogate: lattice keygen comparison using deterministic module-vector arithmetic,primitive_surrogate,,
b30,keygen,attribute_count,20,1,1.009,ok,primitive_surrogate: lattice keygen comparison using deterministic module-vector arithmetic,primitive_surrogate,,
b30,keygen,attribute_count,20,2,0.961,ok,primitive_surrogate: lattice keygen comparison using deterministic module-vector arithmetic,primitive_surrogate,,
b30,keygen,attribute_count,20,3,0.947,ok,primitive_surrogate: lattice keygen comparison using deterministic module-vector arithmetic,primitive_surrogate,,
b30,keygen,attribute_count,20,4,0.974,ok,primitive_surrogate: lattice keygen comparison using deterministic module-vector arithmetic,primitive_surrogate,,
b30,keygen,attribute_count,20,5,1.017,ok,primitive_surrogate: lattice keygen comparison using deterministic module-vector arithmetic,primitive_surrogate,,
b30,keygen,attribute_count,30,1,1.962,ok,primitive_surrogate: lattice keygen comparison using deterministic module-vector arithmetic,primitive_surrogate,,
b30,keygen,attribute_count,30,2,1.718,ok,primitive_surrogate: lattice keygen comparison using deterministic module-vector arithmetic,primitive_surrogate,,
b30,keygen,attribute_count,30,3,1.423,ok,primitive_surrogate: lattice keygen comparison using deterministic module-vector arithmetic,primitive_surrogate,,
b30,keygen,attribute_count,30,4,1.453,ok,primitive_surrogate: lattice keygen comparison using deterministic module-vector arithmetic,primitive_surrogate,,
b30,keygen,attribute_count,30,5,1.440,ok,primitive_surrogate: lattice keygen comparison using deterministic module-vector arithmetic,primitive_surrogate,,
b30,keygen,attribute_count,40,1,1.874,ok,primitive_surrogate: lattice keygen comparison using deterministic module-vector arithmetic,primitive_surrogate,,
b30,keygen,attribute_count,40,2,1.894,ok,primitive_surrogate: lattice keygen comparison using deterministic module-vector arithmetic,primitive_surrogate,,
b30,keygen,attribute_count,40,3,1.969,ok,primitive_surrogate: lattice keygen comparison using deterministic module-vector arithmetic,primitive_surrogate,,
b30,keygen,attribute_count,40,4,1.944,ok,primitive_surrogate: lattice keygen comparison using deterministic module-vector arithmetic,primitive_surrogate,,
b30,keygen,attribute_count,40,5,2.290,ok,primitive_surrogate: lattice keygen comparison using deterministic module-vector arithmetic,primitive_surrogate,,
b30,keygen,attribute_count,50,1,3.519,ok,primitive_surrogate: lattice keygen comparison using deterministic module-vector arithmetic,primitive_surrogate,,
b30,keygen,attribute_count,50,2,2.529,ok,primitive_surrogate: lattice keygen comparison using deterministic module-vector arithmetic,primitive_surrogate,,
b30,keygen,attribute_count,50,3,2.504,ok,primitive_surrogate: lattice keygen comparison using deterministic module-vector arithmetic,primitive_surrogate,,
b30,keygen,attribute_count,50,4,2.816,ok,primitive_surrogate: lattice keygen comparison using deterministic module-vector arithmetic,primitive_surrogate,,
b30,keygen,attribute_count,50,5,2.394,ok,primitive_surrogate: lattice keygen comparison using deterministic module-vector arithmetic,primitive_surrogate,,
b31,keygen,attribute_count,10,1,0.345,ok,primitive_surrogate: CP-ABE/pairing-style modular exponentiation surrogate,primitive_surrogate,,
b31,keygen,attribute_count,10,2,0.323,ok,primitive_surrogate: CP-ABE/pairing-style modular exponentiation surrogate,primitive_surrogate,,
b31,keygen,attribute_count,10,3,0.224,ok,primitive_surrogate: CP-ABE/pairing-style modular exponentiation surrogate,primitive_surrogate,,
b31,keygen,attribute_count,10,4,0.225,ok,primitive_surrogate: CP-ABE/pairing-style modular exponentiation surrogate,primitive_surrogate,,
b31,keygen,attribute_count,10,5,0.215,ok,primitive_surrogate: CP-ABE/pairing-style modular exponentiation surrogate,primitive_surrogate,,
b31,keygen,attribute_count,20,1,0.436,ok,primitive_surrogate: CP-ABE/pairing-style modular exponentiation surrogate,primitive_surrogate,,
b31,keygen,attribute_count,20,2,0.443,ok,primitive_surrogate: CP-ABE/pairing-style modular exponentiation surrogate,primitive_surrogate,,
b31,keygen,attribute_count,20,3,0.473,ok,primitive_surrogate: CP-ABE/pairing-style modular exponentiation surrogate,primitive_surrogate,,
b31,keygen,attribute_count,20,4,0.440,ok,primitive_surrogate: CP-ABE/pairing-style modular exponentiation surrogate,primitive_surrogate,,
b31,keygen,attribute_count,20,5,0.436,ok,primitive_surrogate: CP-ABE/pairing-style modular exponentiation surrogate,primitive_surrogate,,
b31,keygen,attribute_count,30,1,0.669,ok,primitive_surrogate: CP-ABE/pairing-style modular exponentiation surrogate,primitive_surrogate,,
b31,keygen,attribute_count,30,2,0.641,ok,primitive_surrogate: CP-ABE/pairing-style modular exponentiation surrogate,primitive_surrogate,,
b31,keygen,attribute_count,30,3,0.651,ok,primitive_surrogate: CP-ABE/pairing-style modular exponentiation surrogate,primitive_surrogate,,
b31,keygen,attribute_count,30,4,0.667,ok,primitive_surrogate: CP-ABE/pairing-style modular exponentiation surrogate,primitive_surrogate,,
b31,keygen,attribute_count,30,5,0.736,ok,primitive_surrogate: CP-ABE/pairing-style modular exponentiation surrogate,primitive_surrogate,,
b31,keygen,attribute_count,40,1,1.236,ok,primitive_surrogate: CP-ABE/pairing-style modular exponentiation surrogate,primitive_surrogate,,
b31,keygen,attribute_count,40,2,1.233,ok,primitive_surrogate: CP-ABE/pairing-style modular exponentiation surrogate,primitive_surrogate,,
b31,keygen,attribute_count,40,3,1.281,ok,primitive_surrogate: CP-ABE/pairing-style modular exponentiation surrogate,primitive_surrogate,,
b31,keygen,attribute_count,40,4,1.233,ok,primitive_surrogate: CP-ABE/pairing-style modular exponentiation surrogate,primitive_surrogate,,
b31,keygen,attribute_count,40,5,1.034,ok,primitive_surrogate: CP-ABE/pairing-style modular exponentiation surrogate,primitive_surrogate,,
b31,keygen,attribute_count,50,1,1.361,ok,primitive_surrogate: CP-ABE/pairing-style modular exponentiation surrogate,primitive_surrogate,,
b31,keygen,attribute_count,50,2,1.159,ok,primitive_surrogate: CP-ABE/pairing-style modular exponentiation surrogate,primitive_surrogate,,
b31,keygen,attribute_count,50,3,1.150,ok,primitive_surrogate: CP-ABE/pairing-style modular exponentiation surrogate,primitive_surrogate,,
b31,keygen,attribute_count,50,4,1.113,ok,primitive_surrogate: CP-ABE/pairing-style modular exponentiation surrogate,primitive_surrogate,,
b31,keygen,attribute_count,50,5,1.111,ok,primitive_surrogate: CP-ABE/pairing-style modular exponentiation surrogate,primitive_surrogate,,
b31,encryption,keyword_count,10,1,0.105,ok,primitive_surrogate: CP-ABE/pairing-style modular exponentiation surrogate,primitive_surrogate,,
b31,encryption,keyword_count,10,2,0.107,ok,primitive_surrogate: CP-ABE/pairing-style modular exponentiation surrogate,primitive_surrogate,,
b31,encryption,keyword_count,10,3,0.135,ok,primitive_surrogate: CP-ABE/pairing-style modular exponentiation surrogate,primitive_surrogate,,
b31,encryption,keyword_count,10,4,0.133,ok,primitive_surrogate: CP-ABE/pairing-style modular exponentiation surrogate,primitive_surrogate,,
b31,encryption,keyword_count,10,5,0.123,ok,primitive_surrogate: CP-ABE/pairing-style modular exponentiation surrogate,primitive_surrogate,,
b31,encryption,keyword_count,50,1,0.551,ok,primitive_surrogate: CP-ABE/pairing-style modular exponentiation surrogate,primitive_surrogate,,
b31,encryption,keyword_count,50,2,0.538,ok,primitive_surrogate: CP-ABE/pairing-style modular exponentiation surrogate,primitive_surrogate,,
b31,encryption,keyword_count,50,3,0.558,ok,primitive_surrogate: CP-ABE/pairing-style modular exponentiation surrogate,primitive_surrogate,,
b31,encryption,keyword_count,50,4,0.538,ok,primitive_surrogate: CP-ABE/pairing-style modular exponentiation surrogate,primitive_surrogate,,
b31,encryption,keyword_count,50,5,0.527,ok,primitive_surrogate: CP-ABE/pairing-style modular exponentiation surrogate,primitive_surrogate,,
b31,encryption,keyword_count,300,1,3.437,ok,primitive_surrogate: CP-ABE/pairing-style modular exponentiation surrogate,primitive_surrogate,,
b31,encryption,keyword_count,300,2,3.473,ok,primitive_surrogate: CP-ABE/pairing-style modular exponentiation surrogate,primitive_surrogate,,
b31,encryption,keyword_count,300,3,3.437,ok,primitive_surrogate: CP-ABE/pairing-style modular exponentiation surrogate,primitive_surrogate,,
b31,encryption,keyword_count,300,4,3.426,ok,primitive_surrogate: CP-ABE/pairing-style modular exponentiation surrogate,primitive_surrogate,,
b31,encryption,keyword_count,300,5,3.432,ok,primitive_surrogate: CP-ABE/pairing-style modular exponentiation surrogate,primitive_surrogate,,
b31,encryption,keyword_count,500,1,5.817,ok,primitive_surrogate: CP-ABE/pairing-style modular exponentiation surrogate,primitive_surrogate,,
b31,encryption,keyword_count,500,2,6.477,ok,primitive_surrogate: CP-ABE/pairing-style modular exponentiation surrogate,primitive_surrogate,,
b31,encryption,keyword_count,500,3,6.622,ok,primitive_surrogate: CP-ABE/pairing-style modular exponentiation surrogate,primitive_surrogate,,
b31,encryption,keyword_count,500,4,6.059,ok,primitive_surrogate: CP-ABE/pairing-style modular exponentiation surrogate,primitive_surrogate,,
b31,encryption,keyword_count,500,5,6.060,ok,primitive_surrogate: CP-ABE/pairing-style modular exponentiation surrogate,primitive_surrogate,,
b31,decryption,keyword_count,10,1,0.100,ok,primitive_surrogate: CP-ABE/pairing-style modular exponentiation surrogate,primitive_surrogate,,
b31,decryption,keyword_count,10,2,0.071,ok,primitive_surrogate: CP-ABE/pairing-style modular exponentiation surrogate,primitive_surrogate,,
b31,decryption,keyword_count,10,3,0.070,ok,primitive_surrogate: CP-ABE/pairing-style modular exponentiation surrogate,primitive_surrogate,,
b31,decryption,keyword_count,10,4,0.081,ok,primitive_surrogate: CP-ABE/pairing-style modular exponentiation surrogate,primitive_surrogate,,
b31,decryption,keyword_count,10,5,0.071,ok,primitive_surrogate: CP-ABE/pairing-style modular exponentiation surrogate,primitive_surrogate,,
b31,decryption,keyword_count,50,1,0.426,ok,primitive_surrogate: CP-ABE/pairing-style modular exponentiation surrogate,primitive_surrogate,,
b31,decryption,keyword_count,50,2,0.435,ok,primitive_surrogate: CP-ABE/pairing-style modular exponentiation surrogate,primitive_surrogate,,
b31,decryption,keyword_count,50,3,0.453,ok,primitive_surrogate: CP-ABE/pairing-style modular exponentiation surrogate,primitive_surrogate,,
b31,decryption,keyword_count,50,4,0.360,ok,primitive_surrogate: CP-ABE/pairing-style modular exponentiation surrogate,primitive_surrogate,,
b31,decryption,keyword_count,50,5,0.352,ok,primitive_surrogate: CP-ABE/pairing-style modular exponentiation surrogate,primitive_surrogate,,
b31,decryption,keyword_count,300,1,2.248,ok,primitive_surrogate: CP-ABE/pairing-style modular exponentiation surrogate,primitive_surrogate,,
b31,decryption,keyword_count,300,2,2.448,ok,primitive_surrogate: CP-ABE/pairing-style modular exponentiation surrogate,primitive_surrogate,,
b31,decryption,keyword_count,300,3,2.809,ok,primitive_surrogate: CP-ABE/pairing-style modular exponentiation surrogate,primitive_surrogate,,
b31,decryption,keyword_count,300,4,2.273,ok,primitive_surrogate: CP-ABE/pairing-style modular exponentiation surrogate,primitive_surrogate,,
b31,decryption,keyword_count,300,5,2.757,ok,primitive_surrogate: CP-ABE/pairing-style modular exponentiation surrogate,primitive_surrogate,,
b31,decryption,keyword_count,500,1,4.160,ok,primitive_surrogate: CP-ABE/pairing-style modular exponentiation surrogate,primitive_surrogate,,
b31,decryption,keyword_count,500,2,4.291,ok,primitive_surrogate: CP-ABE/pairing-style modular exponentiation surrogate,primitive_surrogate,,
b31,decryption,keyword_count,500,3,4.180,ok,primitive_surrogate: CP-ABE/pairing-style modular exponentiation surrogate,primitive_surrogate,,
b31,decryption,keyword_count,500,4,4.144,ok,primitive_surrogate: CP-ABE/pairing-style modular exponentiation surrogate,primitive_surrogate,,
b31,decryption,keyword_count,500,5,4.175,ok,primitive_surrogate: CP-ABE/pairing-style modular exponentiation surrogate,primitive_surrogate,,
b32,search,keyword_pool_size,10,1,0.352,ok,primitive_surrogate: puncturable lattice search/trapdoor model with per-keyword token work,primitive_surrogate,1000,1000
b32,search,keyword_pool_size,10,2,0.264,ok,primitive_surrogate: puncturable lattice search/trapdoor model with per-keyword token work,primitive_surrogate,1000,1000
b32,search,keyword_pool_size,10,3,0.258,ok,primitive_surrogate: puncturable lattice search/trapdoor model with per-keyword token work,primitive_surrogate,1000,1000
b32,search,keyword_pool_size,10,4,0.270,ok,primitive_surrogate: puncturable lattice search/trapdoor model with per-keyword token work,primitive_surrogate,1000,1000
b32,search,keyword_pool_size,10,5,0.288,ok,primitive_surrogate: puncturable lattice search/trapdoor model with per-keyword token work,primitive_surrogate,1000,1000
b32,search,keyword_pool_size,300,1,0.124,ok,primitive_surrogate: puncturable lattice search/trapdoor model with per-keyword token work,primitive_surrogate,363,363
b32,search,keyword_pool_size,300,2,0.165,ok,primitive_surrogate: puncturable lattice search/trapdoor model with per-keyword token work,primitive_surrogate,521,521
b32,search,keyword_pool_size,300,3,0.176,ok,primitive_surrogate: puncturable lattice search/trapdoor model with per-keyword token work,primitive_surrogate,533,533
b32,search,keyword_pool_size,300,4,0.130,ok,primitive_surrogate: puncturable lattice search/trapdoor model with per-keyword token work,primitive_surrogate,415,415
b32,search,keyword_pool_size,300,5,0.127,ok,primitive_surrogate: puncturable lattice search/trapdoor model with per-keyword token work,primitive_surrogate,372,372
b32,search,keyword_pool_size,500,1,0.121,ok,primitive_surrogate: puncturable lattice search/trapdoor model with per-keyword token work,primitive_surrogate,272,272
b32,search,keyword_pool_size,500,2,0.129,ok,primitive_surrogate: puncturable lattice search/trapdoor model with per-keyword token work,primitive_surrogate,228,228
b32,search,keyword_pool_size,500,3,0.176,ok,primitive_surrogate: puncturable lattice search/trapdoor model with per-keyword token work,primitive_surrogate,506,506
b32,search,keyword_pool_size,500,4,0.158,ok,primitive_surrogate: puncturable lattice search/trapdoor model with per-keyword token work,primitive_surrogate,328,328
b32,search,keyword_pool_size,500,5,0.176,ok,primitive_surrogate: puncturable lattice search/trapdoor model with per-keyword token work,primitive_surrogate,434,434
b32,search,keyword_pool_size,1000,1,0.144,ok,primitive_surrogate: puncturable lattice search/trapdoor model with per-keyword token work,primitive_surrogate,222,222
b32,search,keyword_pool_size,1000,2,0.129,ok,primitive_surrogate: puncturable lattice search/trapdoor model with per-keyword token work,primitive_surrogate,146,146
b32,search,keyword_pool_size,1000,3,0.090,ok,primitive_surrogate: puncturable lattice search/trapdoor model with per-keyword token work,primitive_surrogate,162,162
b32,search,keyword_pool_size,1000,4,0.077,ok,primitive_surrogate: puncturable lattice search/trapdoor model with per-keyword token work,primitive_surrogate,140,140
b32,search,keyword_pool_size,1000,5,0.079,ok,primitive_surrogate: puncturable lattice search/trapdoor model with per-keyword token work,primitive_surrogate,131,131
b32,search,file_count,10,1,0.046,ok,primitive_surrogate: puncturable lattice search/trapdoor model with per-keyword token work,primitive_surrogate,2,2
b32,search,file_count,10,2,0.054,ok,primitive_surrogate: puncturable lattice search/trapdoor model with per-keyword token work,primitive_surrogate,3,3
b32,search,file_count,10,3,0.059,ok,primitive_surrogate: puncturable lattice search/trapdoor model with per-keyword token work,primitive_surrogate,3,3
b32,search,file_count,10,4,0.050,ok,primitive_surrogate: puncturable lattice search/trapdoor model with per-keyword token work,primitive_surrogate,1,1
b32,search,file_count,10,5,0.053,ok,primitive_surrogate: puncturable lattice search/trapdoor model with per-keyword token work,primitive_surrogate,2,2
b32,search,file_count,100,1,0.051,ok,primitive_surrogate: puncturable lattice search/trapdoor model with per-keyword token work,primitive_surrogate,27,27
b32,search,file_count,100,2,0.053,ok,primitive_surrogate: puncturable lattice search/trapdoor model with per-keyword token work,primitive_surrogate,22,22
b32,search,file_count,100,3,0.059,ok,primitive_surrogate: puncturable lattice search/trapdoor model with per-keyword token work,primitive_surrogate,9,9
b32,search,file_count,100,4,0.050,ok,primitive_surrogate: puncturable lattice search/trapdoor model with per-keyword token work,primitive_surrogate,31,31
b32,search,file_count,100,5,0.045,ok,primitive_surrogate: puncturable lattice search/trapdoor model with per-keyword token work,primitive_surrogate,15,15
b32,search,file_count,300,1,0.061,ok,primitive_surrogate: puncturable lattice search/trapdoor model with per-keyword token work,primitive_surrogate,34,34
b32,search,file_count,300,2,0.062,ok,primitive_surrogate: puncturable lattice search/trapdoor model with per-keyword token work,primitive_surrogate,33,33
b32,search,file_count,300,3,0.087,ok,primitive_surrogate: puncturable lattice search/trapdoor model with per-keyword token work,primitive_surrogate,78,78
b32,search,file_count,300,4,0.062,ok,primitive_surrogate: puncturable lattice search/trapdoor model with per-keyword token work,primitive_surrogate,63,63
b32,search,file_count,300,5,0.056,ok,primitive_surrogate: puncturable lattice search/trapdoor model with per-keyword token work,primitive_surrogate,42,42
b32,search,file_count,500,1,0.070,ok,primitive_surrogate: puncturable lattice search/trapdoor model with per-keyword token work,primitive_surrogate,90,90
b32,search,file_count,500,2,0.061,ok,primitive_surrogate: puncturable lattice search/trapdoor model with per-keyword token work,primitive_surrogate,75,75
b32,search,file_count,500,3,0.063,ok,primitive_surrogate: puncturable lattice search/trapdoor model with per-keyword token work,primitive_surrogate,81,81
b32,search,file_count,500,4,0.057,ok,primitive_surrogate: puncturable lattice search/trapdoor model with per-keyword token work,primitive_surrogate,63,63
b32,search,file_count,500,5,0.066,ok,primitive_surrogate: puncturable lattice search/trapdoor model with per-keyword token work,primitive_surrogate,78,78
b32,search,file_count,1000,1,0.114,ok,primitive_surrogate: puncturable lattice search/trapdoor model with per-keyword token work,primitive_surrogate,222,222
b32,search,file_count,1000,2,0.077,ok,primitive_surrogate: puncturable lattice search/trapdoor model with per-keyword token work,primitive_surrogate,146,146
b32,search,file_count,1000,3,0.082,ok,primitive_surrogate: puncturable lattice search/trapdoor model with per-keyword token work,primitive_surrogate,162,162
b32,search,file_count,1000,4,0.074,ok,primitive_surrogate: puncturable lattice search/trapdoor model with per-keyword token work,primitive_surrogate,140,140
b32,search,file_count,1000,5,0.071,ok,primitive_surrogate: puncturable lattice search/trapdoor model with per-keyword token work,primitive_surrogate,131,131
b32,trapdoor,keyword_count,10,1,0.115,ok,primitive_surrogate: puncturable lattice search/trapdoor model with per-keyword token work,primitive_surrogate,,
b32,trapdoor,keyword_count,10,2,0.099,ok,primitive_surrogate: puncturable lattice search/trapdoor model with per-keyword token work,primitive_surrogate,,
b32,trapdoor,keyword_count,10,3,0.113,ok,primitive_surrogate: puncturable lattice search/trapdoor model with per-keyword token work,primitive_surrogate,,
b32,trapdoor,keyword_count,10,4,0.120,ok,primitive_surrogate: puncturable lattice search/trapdoor model with per-keyword token work,primitive_surrogate,,
b32,trapdoor,keyword_count,10,5,0.149,ok,primitive_surrogate: puncturable lattice search/trapdoor model with per-keyword token work,primitive_surrogate,,
b32,trapdoor,keyword_count,50,1,0.355,ok,primitive_surrogate: puncturable lattice search/trapdoor model with per-keyword token work,primitive_surrogate,,
b32,trapdoor,keyword_count,50,2,0.367,ok,primitive_surrogate: puncturable lattice search/trapdoor model with per-keyword token work,primitive_surrogate,,
b32,trapdoor,keyword_count,50,3,0.360,ok,primitive_surrogate: puncturable lattice search/trapdoor model with per-keyword token work,primitive_surrogate,,
b32,trapdoor,keyword_count,50,4,0.365,ok,primitive_surrogate: puncturable lattice search/trapdoor model with per-keyword token work,primitive_surrogate,,
b32,trapdoor,keyword_count,50,5,0.439,ok,primitive_surrogate: puncturable lattice search/trapdoor model with per-keyword token work,primitive_surrogate,,
b32,trapdoor,keyword_count,300,1,2.222,ok,primitive_surrogate: puncturable lattice search/trapdoor model with per-keyword token work,primitive_surrogate,,
b32,trapdoor,keyword_count,300,2,2.017,ok,primitive_surrogate: puncturable lattice search/trapdoor model with per-keyword token work,primitive_surrogate,,
b32,trapdoor,keyword_count,300,3,2.061,ok,primitive_surrogate: puncturable lattice search/trapdoor model with per-keyword token work,primitive_surrogate,,
b32,trapdoor,keyword_count,300,4,2.157,ok,primitive_surrogate: puncturable lattice search/trapdoor model with per-keyword token work,primitive_surrogate,,
b32,trapdoor,keyword_count,300,5,2.037,ok,primitive_surrogate: puncturable lattice search/trapdoor model with per-keyword token work,primitive_surrogate,,
b32,trapdoor,keyword_count,500,1,3.658,ok,primitive_surrogate: puncturable lattice search/trapdoor model with per-keyword token work,primitive_surrogate,,
b32,trapdoor,keyword_count,500,2,3.449,ok,primitive_surrogate: puncturable lattice search/trapdoor model with per-keyword token work,primitive_surrogate,,
b32,trapdoor,keyword_count,500,3,3.360,ok,primitive_surrogate: puncturable lattice search/trapdoor model with per-keyword token work,primitive_surrogate,,
b32,trapdoor,keyword_count,500,4,3.364,ok,primitive_surrogate: puncturable lattice search/trapdoor model with per-keyword token work,primitive_surrogate,,
b32,trapdoor,keyword_count,500,5,3.395,ok,primitive_surrogate: puncturable lattice search/trapdoor model with per-keyword token work,primitive_surrogate,,
b33,search,keyword_pool_size,10,1,4.601,ok,primitive_surrogate: time-epoch lattice/PEKS model using hash tokens and vector checks,primitive_surrogate,1000,1000
b33,search,keyword_pool_size,10,2,4.827,ok,primitive_surrogate: time-epoch lattice/PEKS model using hash tokens and vector checks,primitive_surrogate,1000,1000
b33,search,keyword_pool_size,10,3,4.706,ok,primitive_surrogate: time-epoch lattice/PEKS model using hash tokens and vector checks,primitive_surrogate,1000,1000
b33,search,keyword_pool_size,10,4,4.799,ok,primitive_surrogate: time-epoch lattice/PEKS model using hash tokens and vector checks,primitive_surrogate,1000,1000
b33,search,keyword_pool_size,10,5,4.694,ok,primitive_surrogate: time-epoch lattice/PEKS model using hash tokens and vector checks,primitive_surrogate,1000,1000
b33,search,keyword_pool_size,300,1,4.629,ok,primitive_surrogate: time-epoch lattice/PEKS model using hash tokens and vector checks,primitive_surrogate,363,363
b33,search,keyword_pool_size,300,2,4.516,ok,primitive_surrogate: time-epoch lattice/PEKS model using hash tokens and vector checks,primitive_surrogate,521,521
b33,search,keyword_pool_size,300,3,4.613,ok,primitive_surrogate: time-epoch lattice/PEKS model using hash tokens and vector checks,primitive_surrogate,533,533
b33,search,keyword_pool_size,300,4,4.549,ok,primitive_surrogate: time-epoch lattice/PEKS model using hash tokens and vector checks,primitive_surrogate,415,415
b33,search,keyword_pool_size,300,5,4.528,ok,primitive_surrogate: time-epoch lattice/PEKS model using hash tokens and vector checks,primitive_surrogate,372,372
b33,search,keyword_pool_size,500,1,4.525,ok,primitive_surrogate: time-epoch lattice/PEKS model using hash tokens and vector checks,primitive_surrogate,272,272
b33,search,keyword_pool_size,500,2,4.553,ok,primitive_surrogate: time-epoch lattice/PEKS model using hash tokens and vector checks,primitive_surrogate,228,228
b33,search,keyword_pool_size,500,3,4.500,ok,primitive_surrogate: time-epoch lattice/PEKS model using hash tokens and vector checks,primitive_surrogate,506,506
b33,search,keyword_pool_size,500,4,4.611,ok,primitive_surrogate: time-epoch lattice/PEKS model using hash tokens and vector checks,primitive_surrogate,328,328
b33,search,keyword_pool_size,500,5,4.553,ok,primitive_surrogate: time-epoch lattice/PEKS model using hash tokens and vector checks,primitive_surrogate,434,434
b33,search,keyword_pool_size,1000,1,4.573,ok,primitive_surrogate: time-epoch lattice/PEKS model using hash tokens and vector checks,primitive_surrogate,222,222
b33,search,keyword_pool_size,1000,2,5.087,ok,primitive_surrogate: time-epoch lattice/PEKS model using hash tokens and vector checks,primitive_surrogate,146,146
b33,search,keyword_pool_size,1000,3,4.567,ok,primitive_surrogate: time-epoch lattice/PEKS model using hash tokens and vector checks,primitive_surrogate,162,162
b33,search,keyword_pool_size,1000,4,4.656,ok,primitive_surrogate: time-epoch lattice/PEKS model using hash tokens and vector checks,primitive_surrogate,140,140
b33,search,keyword_pool_size,1000,5,4.507,ok,primitive_surrogate: time-epoch lattice/PEKS model using hash tokens and vector checks,primitive_surrogate,131,131
b33,search,file_count,10,1,0.075,ok,primitive_surrogate: time-epoch lattice/PEKS model using hash tokens and vector checks,primitive_surrogate,2,2
b33,search,file_count,10,2,0.072,ok,primitive_surrogate: time-epoch lattice/PEKS model using hash tokens and vector checks,primitive_surrogate,3,3
b33,search,file_count,10,3,0.069,ok,primitive_surrogate: time-epoch lattice/PEKS model using hash tokens and vector checks,primitive_surrogate,3,3
b33,search,file_count,10,4,0.083,ok,primitive_surrogate: time-epoch lattice/PEKS model using hash tokens and vector checks,primitive_surrogate,1,1
b33,search,file_count,10,5,0.076,ok,primitive_surrogate: time-epoch lattice/PEKS model using hash tokens and vector checks,primitive_surrogate,2,2
b33,search,file_count,100,1,0.451,ok,primitive_surrogate: time-epoch lattice/PEKS model using hash tokens and vector checks,primitive_surrogate,27,27
b33,search,file_count,100,2,0.487,ok,primitive_surrogate: time-epoch lattice/PEKS model using hash tokens and vector checks,primitive_surrogate,22,22
b33,search,file_count,100,3,0.445,ok,primitive_surrogate: time-epoch lattice/PEKS model using hash tokens and vector checks,primitive_surrogate,9,9
b33,search,file_count,100,4,0.456,ok,primitive_surrogate: time-epoch lattice/PEKS model using hash tokens and vector checks,primitive_surrogate,31,31
b33,search,file_count,100,5,0.447,ok,primitive_surrogate: time-epoch lattice/PEKS model using hash tokens and vector checks,primitive_surrogate,15,15
b33,search,file_count,300,1,1.376,ok,primitive_surrogate: time-epoch lattice/PEKS model using hash tokens and vector checks,primitive_surrogate,34,34
b33,search,file_count,300,2,1.319,ok,primitive_surrogate: time-epoch lattice/PEKS model using hash tokens and vector checks,primitive_surrogate,33,33
b33,search,file_count,300,3,1.384,ok,primitive_surrogate: time-epoch lattice/PEKS model using hash tokens and vector checks,primitive_surrogate,78,78
b33,search,file_count,300,4,1.326,ok,primitive_surrogate: time-epoch lattice/PEKS model using hash tokens and vector checks,primitive_surrogate,63,63
b33,search,file_count,300,5,1.334,ok,primitive_surrogate: time-epoch lattice/PEKS model using hash tokens and vector checks,primitive_surrogate,42,42
b33,search,file_count,500,1,2.300,ok,primitive_surrogate: time-epoch lattice/PEKS model using hash tokens and vector checks,primitive_surrogate,90,90
b33,search,file_count,500,2,2.250,ok,primitive_surrogate: time-epoch lattice/PEKS model using hash tokens and vector checks,primitive_surrogate,75,75
b33,search,file_count,500,3,2.280,ok,primitive_surrogate: time-epoch lattice/PEKS model using hash tokens and vector checks,primitive_surrogate,81,81
b33,search,file_count,500,4,2.291,ok,primitive_surrogate: time-epoch lattice/PEKS model using hash tokens and vector checks,primitive_surrogate,63,63
b33,search,file_count,500,5,2.236,ok,primitive_surrogate: time-epoch lattice/PEKS model using hash tokens and vector checks,primitive_surrogate,78,78
b33,search,file_count,1000,1,4.493,ok,primitive_surrogate: time-epoch lattice/PEKS model using hash tokens and vector checks,primitive_surrogate,222,222
b33,search,file_count,1000,2,4.504,ok,primitive_surrogate: time-epoch lattice/PEKS model using hash tokens and vector checks,primitive_surrogate,146,146
b33,search,file_count,1000,3,4.500,ok,primitive_surrogate: time-epoch lattice/PEKS model using hash tokens and vector checks,primitive_surrogate,162,162
b33,search,file_count,1000,4,4.518,ok,primitive_surrogate: time-epoch lattice/PEKS model using hash tokens and vector checks,primitive_surrogate,140,140
b33,search,file_count,1000,5,4.751,ok,primitive_surrogate: time-epoch lattice/PEKS model using hash tokens and vector checks,primitive_surrogate,131,131
b33,encryption,keyword_count,10,1,0.043,ok,primitive_surrogate: time-epoch lattice/PEKS model using hash tokens and vector checks,primitive_surrogate,,
b33,encryption,keyword_count,10,2,0.037,ok,primitive_surrogate: time-epoch lattice/PEKS model using hash tokens and vector checks,primitive_surrogate,,
b33,encryption,keyword_count,10,3,0.026,ok,primitive_surrogate: time-epoch lattice/PEKS model using hash tokens and vector checks,primitive_surrogate,,
b33,encryption,keyword_count,10,4,0.023,ok,primitive_surrogate: time-epoch lattice/PEKS model using hash tokens and vector checks,primitive_surrogate,,
b33,encryption,keyword_count,10,5,0.023,ok,primitive_surrogate: time-epoch lattice/PEKS model using hash tokens and vector checks,primitive_surrogate,,
b33,encryption,keyword_count,50,1,0.119,ok,primitive_surrogate: time-epoch lattice/PEKS model using hash tokens and vector checks,primitive_surrogate,,
b33,encryption,keyword_count,50,2,0.113,ok,primitive_surrogate: time-epoch lattice/PEKS model using hash tokens and vector checks,primitive_surrogate,,
b33,encryption,keyword_count,50,3,0.112,ok,primitive_surrogate: time-epoch lattice/PEKS model using hash tokens and vector checks,primitive_surrogate,,
b33,encryption,keyword_count,50,4,0.111,ok,primitive_surrogate: time-epoch lattice/PEKS model using hash tokens and vector checks,primitive_surrogate,,
b33,encryption,keyword_count,50,5,0.112,ok,primitive_surrogate: time-epoch lattice/PEKS model using hash tokens and vector checks,primitive_surrogate,,
b33,encryption,keyword_count,300,1,0.656,ok,primitive_surrogate: time-epoch lattice/PEKS model using hash tokens and vector checks,primitive_surrogate,,
b33,encryption,keyword_count,300,2,0.680,ok,primitive_surrogate: time-epoch lattice/PEKS model using hash tokens and vector checks,primitive_surrogate,,
b33,encryption,keyword_count,300,3,0.673,ok,primitive_surrogate: time-epoch lattice/PEKS model using hash tokens and vector checks,primitive_surrogate,,
b33,encryption,keyword_count,300,4,0.659,ok,primitive_surrogate: time-epoch lattice/PEKS model using hash tokens and vector checks,primitive_surrogate,,
b33,encryption,keyword_count,300,5,0.666,ok,primitive_surrogate: time-epoch lattice/PEKS model using hash tokens and vector checks,primitive_surrogate,,
b33,encryption,keyword_count,500,1,1.095,ok,primitive_surrogate: time-epoch lattice/PEKS model using hash tokens and vector checks,primitive_surrogate,,
b33,encryption,keyword_count,500,2,1.110,ok,primitive_surrogate: time-epoch lattice/PEKS model using hash tokens and vector checks,primitive_surrogate,,
b33,encryption,keyword_count,500,3,1.134,ok,primitive_surrogate: time-epoch lattice/PEKS model using hash tokens and vector checks,primitive_surrogate,,
b33,encryption,keyword_count,500,4,1.094,ok,primitive_surrogate: time-epoch lattice/PEKS model using hash tokens and vector checks,primitive_surrogate,,
b33,encryption,keyword_count,500,5,1.098,ok,primitive_surrogate: time-epoch lattice/PEKS model using hash tokens and vector checks,primitive_surrogate,,
b33,trapdoor,keyword_count,10,1,0.127,ok,primitive_surrogate: time-epoch lattice/PEKS model using hash tokens and vector checks,primitive_surrogate,,
b33,trapdoor,keyword_count,10,2,0.076,ok,primitive_surrogate: time-epoch lattice/PEKS model using hash tokens and vector checks,primitive_surrogate,,
b33,trapdoor,keyword_count,10,3,0.074,ok,primitive_surrogate: time-epoch lattice/PEKS model using hash tokens and vector checks,primitive_surrogate,,
b33,trapdoor,keyword_count,10,4,0.074,ok,primitive_surrogate: time-epoch lattice/PEKS model using hash tokens and vector checks,primitive_surrogate,,
b33,trapdoor,keyword_count,10,5,0.087,ok,primitive_surrogate: time-epoch lattice/PEKS model using hash tokens and vector checks,primitive_surrogate,,
b33,trapdoor,keyword_count,50,1,0.241,ok,primitive_surrogate: time-epoch lattice/PEKS model using hash tokens and vector checks,primitive_surrogate,,
b33,trapdoor,keyword_count,50,2,0.239,ok,primitive_surrogate: time-epoch lattice/PEKS model using hash tokens and vector checks,primitive_surrogate,,
b33,trapdoor,keyword_count,50,3,0.239,ok,primitive_surrogate: time-epoch lattice/PEKS model using hash tokens and vector checks,primitive_surrogate,,
b33,trapdoor,keyword_count,50,4,0.288,ok,primitive_surrogate: time-epoch lattice/PEKS model using hash tokens and vector checks,primitive_surrogate,,
b33,trapdoor,keyword_count,50,5,0.260,ok,primitive_surrogate: time-epoch lattice/PEKS model using hash tokens and vector checks,primitive_surrogate,,
b33,trapdoor,keyword_count,300,1,1.276,ok,primitive_surrogate: time-epoch lattice/PEKS model using hash tokens and vector checks,primitive_surrogate,,
b33,trapdoor,keyword_count,300,2,1.345,ok,primitive_surrogate: time-epoch lattice/PEKS model using hash tokens and vector checks,primitive_surrogate,,
b33,trapdoor,keyword_count,300,3,1.282,ok,primitive_surrogate: time-epoch lattice/PEKS model using hash tokens and vector checks,primitive_surrogate,,
b33,trapdoor,keyword_count,300,4,1.275,ok,primitive_surrogate: time-epoch lattice/PEKS model using hash tokens and vector checks,primitive_surrogate,,
b33,trapdoor,keyword_count,300,5,1.319,ok,primitive_surrogate: time-epoch lattice/PEKS model using hash tokens and vector checks,primitive_surrogate,,
b33,trapdoor,keyword_count,500,1,2.103,ok,primitive_surrogate: time-epoch lattice/PEKS model using hash tokens and vector checks,primitive_surrogate,,
b33,trapdoor,keyword_count,500,2,2.093,ok,primitive_surrogate: time-epoch lattice/PEKS model using hash tokens and vector checks,primitive_surrogate,,
b33,trapdoor,keyword_count,500,3,2.096,ok,primitive_surrogate: time-epoch lattice/PEKS model using hash tokens and vector checks,primitive_surrogate,,
b33,trapdoor,keyword_count,500,4,2.095,ok,primitive_surrogate: time-epoch lattice/PEKS model using hash tokens and vector checks,primitive_surrogate,,
b33,trapdoor,keyword_count,500,5,2.132,ok,primitive_surrogate: time-epoch lattice/PEKS model using hash tokens and vector checks,primitive_surrogate,,
